{"initial_reset_timestamp": 1622628856.1043477, "timestamps": [1622628861.9414372, 1622628867.1698523, 1622628872.1093185, 1622628877.258338], "episode_lengths": [1000, 1000, 1000, 1000], "episode_rewards": [2559.82991024252, 2564.138732025898, 2568.189917005728, 2561.449521482943], "episode_types": ["t", "t", "t", "t", "t"]}